,name,price
0,SONY ZV-E10L Mirrorless Camera Body with 1650 mm Power Zoom Lens Vlog Camera,"₹61,490"
1,Canon EOS 1500D DSLR Camera Body+ 18-55 mm IS II Lens,"₹37,990"
2,Canon EOS 200D II DSLR Camera EF-S18-55mm IS STM,"₹56,990"
3,"Canon EOS 3000D DSLR Camera 1 Camera Body, 18 - 55 mm Lens","₹29,999"
4,POZUB High Quality Portable Multi-Purpose Selfie Stick Stand With Dustproof Bag PZB-XT012 Travel Tripo...,₹398
5,Canon EOS M50 Mark II Mirrorless Camera EF-M15-45mm is STM Lens,"₹59,490"
6,SONY Alpha ILCE-6100Y APS-C Mirrorless Camera with Dual Lens 16-50 mm & 55-210 mm Zoom Featuring Eye A...,"₹80,990"
7,Canon EOS M200 Mirrorless Camera Body with Single Lens (EF-M15-45mm f/3.5-6.3 IS STM),"₹43,995"
8,Canon EOS R50 Mirrorless Camera Body with RF - S 18 - 45 mm f/4.5 - 6.3 IS STM,"₹74,990"
9,SONY ZV-E10 Mirrorless Camera Body Only Vlog Camera,"₹52,599"
10,SONY Alpha ILCE-6400M APS-C Mirrorless Camera with 18-135 mm Zoom Lens Featuring Eye AF and 4K movie r...,"₹1,05,990"
11,NIKON Z6 II Kit Mirrorless Camera 24-70mm Lens,"₹1,89,999"
12,POZUB Best Buy 3in1 Stand Selfie Stick With Dustproof Bag Travel Tripod Stand PZB-XT012 Flexible Handh...,₹394
13,SONY Alpha ILCE-6100 APS-C Mirrorless Camera Body Only Featuring Eye AF and 4K movie recording,"₹56,990"
14,SONY Alpha ILCE-6400 APS-C Mirrorless Camera Body Only Featuring Eye AF and 4K movie recording,"₹72,990"
15,POZUB 3 in1 Multi-Purpose Bluetooth Extendable Wireless Remote Selfie Stick Tripod Stand + Dustproof B...,₹397
16,POZUB New Arrival 3in1 Selfie Stick Stand With Dustproof Bag PZB-XT012 Travel Tripod Stand Flexible Ha...,₹393
17,POZUB PZB-F42 Buy Hot Selling Tripod stand with Clip BAG |Tripod stand for camera||Gimbal for smartpho...,₹385
18,NIKON Z30 Mirrorless Camera Z DX 18 - 140 mm f/3.5 - 6.3 VR Lens,"₹90,999"
19,SONY Alpha ILCE-7M4 Full Frame Mirrorless Camera Body Featuring Eye AF and 4K movie recording,"₹2,13,490"
20,Canon EOS R6 Mark II Mirrorless Camera Body with 24-105mm USM Lens,"₹3,16,899"
21,SONY Alpha ILCE-6600M APS-C Mirrorless Camera with 18-135 mm Zoom Lens Featuring Eye AF and 4K movie r...,"₹1,49,990"
22,FUJIFILM X-Series X-E4 Mirrorless Camera Body with Accessories - Metal Hand Grip (MHG-XE4) and Thumb R...,"₹82,699"
23,Canon EOS R50 Mirrorless Camera RF - S 18 - 45 mm f/4.5 - 6.3 IS STM and RF - S 55 - 210 mm f/5 - 7.1 ...,"₹95,990"
